{
  "providers": [
    {
      "type": "bitmap",
      "file": "minecraft:textures/font/rangos/admin.png",
      "height": 18,
      "ascent": 14,
      "chars": ["\uE001"]
    },
    {
      "type": "bitmap",
      "file": "minecraft:textures/font/rangos/booster.png",
      "height": 18,
      "ascent": 14,
      "chars": ["\uE002"]
    },
    {
      "type": "bitmap",
      "file": "minecraft:textures/font/rangos/builder.png",
      "height": 18,
      "ascent": 14,
      "chars": ["\uE003"]
    },
    {
      "type": "bitmap",
      "file": "minecraft:textures/font/rangos/dev.png",
      "height": 18,
      "ascent": 14,
      "chars": ["\uE004"]
    },
    {
      "type": "bitmap",
      "file": "minecraft:textures/font/rangos/helper.png",
      "height": 18,
      "ascent": 14,
      "chars": ["\uE005"]
    },
    {
      "type": "bitmap",
      "file": "minecraft:textures/font/rangos/manager.png",
      "height": 18,
      "ascent": 14,
      "chars": ["\uE006"]
    },
    {
      "type": "bitmap",
      "file": "minecraft:textures/font/rangos/mod.png",
      "height": 18,
      "ascent": 14,
      "chars": ["\uE007"]
    },
    {
      "type": "bitmap",
      "file": "minecraft:textures/font/rangos/mvp.png",
      "height": 18,
      "ascent": 14,
      "chars": ["\uE008"]
    },
    {
      "type": "bitmap",
      "file": "minecraft:textures/font/rangos/mvpplus.png",
      "height": 18,
      "ascent": 14,
      "chars": ["\uE009"]
    },
    {
      "type": "bitmap",
      "file": "minecraft:textures/font/rangos/owner.png",
      "height": 18,
      "ascent": 14,
      "chars": ["\uE00A"]
    },
    {
      "type": "bitmap",
      "file": "minecraft:textures/font/rangos/stremer.png",
      "height": 18,
      "ascent": 14,
      "chars": ["\uE00B"]
    },
    {
      "type": "bitmap",
      "file": "minecraft:textures/font/rangos/tiktoker.png",
      "height": 18,
      "ascent": 14,
      "chars": ["\uE00C"]
    },
    {
      "type": "bitmap",
      "file": "minecraft:textures/font/rangos/usuario.png",
      "height": 18,
      "ascent": 14,
      "chars": ["\uE00D"]
    },
    {
      "type": "bitmap",
      "file": "minecraft:textures/font/rangos/vip.png",
      "height": 18,
      "ascent": 14,
      "chars": ["\uE00E"]
    },
    {
      "type": "bitmap",
      "file": "minecraft:textures/font/rangos/vipplus.png",
      "height": 18,
      "ascent": 14,
      "chars": ["\uE00F"]
    },
    {
      "type": "bitmap",
      "file": "minecraft:textures/font/rangos/youtuber.png",
      "height": 18,
      "ascent": 14,
      "chars": ["\uE010"]
    }
  ]
}
